package,kind,symbol,source,status,destination_or_reason
it,func,Assign,map.go,compatible,goforge.dev/gplodash
it,func,Associate,seq.go,compatible,goforge.dev/gplodash
it,func,AssociateI,seq.go,compatible,goforge.dev/gplodash
it,func,Buffer,seq.go,compatible,goforge.dev/gplodash
it,func,ChannelToSeq,channel.go,compatible,goforge.dev/gplodash
it,func,Chunk,seq.go,compatible,goforge.dev/gplodash
it,func,ChunkEntries,map.go,compatible,goforge.dev/gplodash
it,func,ChunkString,string.go,compatible,goforge.dev/gplodash
it,func,CoalesceSeq,type_manipulation.go,compatible,goforge.dev/gplodash
it,func,CoalesceSeqOrEmpty,type_manipulation.go,compatible,goforge.dev/gplodash
it,func,Compact,seq.go,compatible,goforge.dev/gplodash
it,func,Concat,seq.go,compatible,goforge.dev/gplodash
it,func,Contains,intersect.go,compatible,goforge.dev/gplodash
it,func,ContainsBy,intersect.go,compatible,goforge.dev/gplodash
it,func,Count,seq.go,compatible,goforge.dev/gplodash
it,func,CountBy,seq.go,compatible,goforge.dev/gplodash
it,func,CountValues,seq.go,compatible,goforge.dev/gplodash
it,func,CountValuesBy,seq.go,compatible,goforge.dev/gplodash
it,func,CrossJoin2,tuples.go,compatible,goforge.dev/gplodash
it,func,CrossJoin3,tuples.go,compatible,goforge.dev/gplodash
it,func,CrossJoin4,tuples.go,compatible,goforge.dev/gplodash
it,func,CrossJoin5,tuples.go,compatible,goforge.dev/gplodash
it,func,CrossJoin6,tuples.go,compatible,goforge.dev/gplodash
it,func,CrossJoin7,tuples.go,compatible,goforge.dev/gplodash
it,func,CrossJoin8,tuples.go,compatible,goforge.dev/gplodash
it,func,CrossJoin9,tuples.go,compatible,goforge.dev/gplodash
it,func,CrossJoinBy2,tuples.go,compatible,goforge.dev/gplodash
it,func,CrossJoinBy3,tuples.go,compatible,goforge.dev/gplodash
it,func,CrossJoinBy4,tuples.go,compatible,goforge.dev/gplodash
it,func,CrossJoinBy5,tuples.go,compatible,goforge.dev/gplodash
it,func,CrossJoinBy6,tuples.go,compatible,goforge.dev/gplodash
it,func,CrossJoinBy7,tuples.go,compatible,goforge.dev/gplodash
it,func,CrossJoinBy8,tuples.go,compatible,goforge.dev/gplodash
it,func,CrossJoinBy9,tuples.go,compatible,goforge.dev/gplodash
it,func,CutPrefix,seq.go,compatible,goforge.dev/gplodash
it,func,CutSuffix,seq.go,compatible,goforge.dev/gplodash
it,func,Drain,seq.go,compatible,goforge.dev/gplodash
it,func,Drop,seq.go,compatible,goforge.dev/gplodash
it,func,DropByIndex,seq.go,compatible,goforge.dev/gplodash
it,func,DropLast,seq.go,compatible,goforge.dev/gplodash
it,func,DropLastWhile,seq.go,compatible,goforge.dev/gplodash
it,func,DropWhile,seq.go,compatible,goforge.dev/gplodash
it,func,Earliest,find.go,compatible,goforge.dev/gplodash
it,func,EarliestBy,find.go,compatible,goforge.dev/gplodash
it,func,ElementsMatch,intersect.go,compatible,goforge.dev/gplodash
it,func,ElementsMatchBy,intersect.go,compatible,goforge.dev/gplodash
it,func,Empty,type_manipulation.go,compatible,goforge.dev/gplodash
it,func,Entries,map.go,compatible,goforge.dev/gplodash
it,func,Every,intersect.go,compatible,goforge.dev/gplodash
it,func,EveryBy,intersect.go,compatible,goforge.dev/gplodash
it,func,Fill,seq.go,compatible,goforge.dev/gplodash
it,func,Filter,seq.go,compatible,goforge.dev/gplodash
it,func,FilterI,seq.go,compatible,goforge.dev/gplodash
it,func,FilterKeys,map.go,compatible,goforge.dev/gplodash
it,func,FilterMap,seq.go,compatible,goforge.dev/gplodash
it,func,FilterMapI,seq.go,compatible,goforge.dev/gplodash
it,func,FilterMapToSeq,map.go,compatible,goforge.dev/gplodash
it,func,FilterSeqToMap,seq.go,compatible,goforge.dev/gplodash
it,func,FilterSeqToMapI,seq.go,compatible,goforge.dev/gplodash
it,func,FilterValues,map.go,compatible,goforge.dev/gplodash
it,func,Find,find.go,compatible,goforge.dev/gplodash
it,func,FindDuplicates,find.go,compatible,goforge.dev/gplodash
it,func,FindDuplicatesBy,find.go,compatible,goforge.dev/gplodash
it,func,FindIndexOf,find.go,compatible,goforge.dev/gplodash
it,func,FindLastIndexOf,find.go,compatible,goforge.dev/gplodash
it,func,FindOrElse,find.go,compatible,goforge.dev/gplodash
it,func,FindUniques,find.go,compatible,goforge.dev/gplodash
it,func,FindUniquesBy,find.go,compatible,goforge.dev/gplodash
it,func,First,find.go,compatible,goforge.dev/gplodash
it,func,FirstOr,find.go,compatible,goforge.dev/gplodash
it,func,FirstOrEmpty,find.go,compatible,goforge.dev/gplodash
it,func,FlatMap,seq.go,compatible,goforge.dev/gplodash
it,func,FlatMapI,seq.go,compatible,goforge.dev/gplodash
it,func,Flatten,seq.go,compatible,goforge.dev/gplodash
it,func,ForEach,seq.go,compatible,goforge.dev/gplodash
it,func,ForEachI,seq.go,compatible,goforge.dev/gplodash
it,func,ForEachWhile,seq.go,compatible,goforge.dev/gplodash
it,func,ForEachWhileI,seq.go,compatible,goforge.dev/gplodash
it,func,FromAnySeq,type_manipulation.go,compatible,goforge.dev/gplodash
it,func,FromEntries,map.go,compatible,goforge.dev/gplodash
it,func,FromPairs,map.go,compatible,goforge.dev/gplodash
it,func,FromSeqPtr,type_manipulation.go,compatible,goforge.dev/gplodash
it,func,FromSeqPtrOr,type_manipulation.go,compatible,goforge.dev/gplodash
it,func,GroupBy,seq.go,compatible,goforge.dev/gplodash
it,func,GroupByMap,seq.go,compatible,goforge.dev/gplodash
it,func,HasPrefix,find.go,compatible,goforge.dev/gplodash
it,func,HasSuffix,find.go,compatible,goforge.dev/gplodash
it,func,IndexOf,find.go,compatible,goforge.dev/gplodash
it,func,Interleave,seq.go,compatible,goforge.dev/gplodash
it,func,Intersect,intersect.go,compatible,goforge.dev/gplodash
it,func,IntersectBy,intersect.go,compatible,goforge.dev/gplodash
it,func,Invert,map.go,compatible,goforge.dev/gplodash
it,func,IsEmpty,type_manipulation.go,compatible,goforge.dev/gplodash
it,func,IsNotEmpty,type_manipulation.go,compatible,goforge.dev/gplodash
it,func,IsSorted,seq.go,compatible,goforge.dev/gplodash
it,func,IsSortedBy,seq.go,compatible,goforge.dev/gplodash
it,func,KeyBy,seq.go,compatible,goforge.dev/gplodash
it,func,Keyify,seq.go,compatible,goforge.dev/gplodash
it,func,Keys,map.go,compatible,goforge.dev/gplodash
it,func,Last,find.go,compatible,goforge.dev/gplodash
it,func,LastIndexOf,find.go,compatible,goforge.dev/gplodash
it,func,LastOr,find.go,compatible,goforge.dev/gplodash
it,func,LastOrEmpty,find.go,compatible,goforge.dev/gplodash
it,func,Latest,find.go,compatible,goforge.dev/gplodash
it,func,LatestBy,find.go,compatible,goforge.dev/gplodash
it,func,Length,seq.go,compatible,goforge.dev/gplodash
it,func,Map,seq.go,compatible,goforge.dev/gplodash
it,func,MapI,seq.go,compatible,goforge.dev/gplodash
it,func,MapToSeq,map.go,compatible,goforge.dev/gplodash
it,func,Max,find.go,compatible,goforge.dev/gplodash
it,func,MaxBy,find.go,compatible,goforge.dev/gplodash
it,func,MaxIndex,find.go,compatible,goforge.dev/gplodash
it,func,MaxIndexBy,find.go,compatible,goforge.dev/gplodash
it,func,Mean,math.go,compatible,goforge.dev/gplodash
it,func,MeanBy,math.go,compatible,goforge.dev/gplodash
it,func,Min,find.go,compatible,goforge.dev/gplodash
it,func,MinBy,find.go,compatible,goforge.dev/gplodash
it,func,MinIndex,find.go,compatible,goforge.dev/gplodash
it,func,MinIndexBy,find.go,compatible,goforge.dev/gplodash
it,func,Mode,math.go,compatible,goforge.dev/gplodash
it,func,None,intersect.go,compatible,goforge.dev/gplodash
it,func,NoneBy,intersect.go,compatible,goforge.dev/gplodash
it,func,Nth,find.go,compatible,goforge.dev/gplodash
it,func,NthOr,find.go,compatible,goforge.dev/gplodash
it,func,NthOrEmpty,find.go,compatible,goforge.dev/gplodash
it,func,PartitionBy,seq.go,compatible,goforge.dev/gplodash
it,func,Product,math.go,compatible,goforge.dev/gplodash
it,func,ProductBy,math.go,compatible,goforge.dev/gplodash
it,func,Range,math.go,compatible,goforge.dev/gplodash
it,func,RangeFrom,math.go,compatible,goforge.dev/gplodash
it,func,RangeWithSteps,math.go,compatible,goforge.dev/gplodash
it,func,Reduce,seq.go,compatible,goforge.dev/gplodash
it,func,ReduceI,seq.go,compatible,goforge.dev/gplodash
it,func,ReduceLast,seq.go,compatible,goforge.dev/gplodash
it,func,ReduceLastI,seq.go,compatible,goforge.dev/gplodash
it,func,Reject,seq.go,compatible,goforge.dev/gplodash
it,func,RejectI,seq.go,compatible,goforge.dev/gplodash
it,func,RejectMap,seq.go,compatible,goforge.dev/gplodash
it,func,RejectMapI,seq.go,compatible,goforge.dev/gplodash
it,func,Repeat,seq.go,compatible,goforge.dev/gplodash
it,func,RepeatBy,seq.go,compatible,goforge.dev/gplodash
it,func,Replace,seq.go,compatible,goforge.dev/gplodash
it,func,ReplaceAll,seq.go,compatible,goforge.dev/gplodash
it,func,Reverse,seq.go,compatible,goforge.dev/gplodash
it,func,Sample,find.go,compatible,goforge.dev/gplodash
it,func,SampleBy,find.go,compatible,goforge.dev/gplodash
it,func,Samples,find.go,compatible,goforge.dev/gplodash
it,func,SamplesBy,find.go,compatible,goforge.dev/gplodash
it,func,Seq2KeyToSeq,map.go,compatible,goforge.dev/gplodash
it,func,Seq2ValueToSeq,map.go,compatible,goforge.dev/gplodash
it,func,SeqToChannel,channel.go,compatible,goforge.dev/gplodash
it,func,SeqToChannel2,channel.go,compatible,goforge.dev/gplodash
it,func,SeqToMap,seq.go,compatible,goforge.dev/gplodash
it,func,SeqToMapI,seq.go,compatible,goforge.dev/gplodash
it,func,SeqToSeq2,map.go,compatible,goforge.dev/gplodash
it,func,Shuffle,seq.go,compatible,goforge.dev/gplodash
it,func,Slice,seq.go,compatible,goforge.dev/gplodash
it,func,Sliding,seq.go,compatible,goforge.dev/gplodash
it,func,Some,intersect.go,compatible,goforge.dev/gplodash
it,func,SomeBy,intersect.go,compatible,goforge.dev/gplodash
it,func,Splice,seq.go,compatible,goforge.dev/gplodash
it,func,Subset,seq.go,compatible,goforge.dev/gplodash
it,func,Sum,math.go,compatible,goforge.dev/gplodash
it,func,SumBy,math.go,compatible,goforge.dev/gplodash
it,func,Take,seq.go,compatible,goforge.dev/gplodash
it,func,TakeFilter,seq.go,compatible,goforge.dev/gplodash
it,func,TakeFilterI,seq.go,compatible,goforge.dev/gplodash
it,func,TakeWhile,seq.go,compatible,goforge.dev/gplodash
it,func,Times,seq.go,compatible,goforge.dev/gplodash
it,func,ToAnySeq,type_manipulation.go,compatible,goforge.dev/gplodash
it,func,ToPairs,map.go,compatible,goforge.dev/gplodash
it,func,ToSeqPtr,type_manipulation.go,compatible,goforge.dev/gplodash
it,func,Trim,seq.go,compatible,goforge.dev/gplodash
it,func,TrimFirst,seq.go,compatible,goforge.dev/gplodash
it,func,TrimLast,seq.go,compatible,goforge.dev/gplodash
it,func,TrimPrefix,seq.go,compatible,goforge.dev/gplodash
it,func,TrimSuffix,seq.go,compatible,goforge.dev/gplodash
it,func,Union,intersect.go,compatible,goforge.dev/gplodash
it,func,Uniq,seq.go,compatible,goforge.dev/gplodash
it,func,UniqBy,seq.go,compatible,goforge.dev/gplodash
it,func,UniqKeys,map.go,compatible,goforge.dev/gplodash
it,func,UniqMap,seq.go,compatible,goforge.dev/gplodash
it,func,UniqMapI,seq.go,compatible,goforge.dev/gplodash
it,func,UniqValues,map.go,compatible,goforge.dev/gplodash
it,func,Values,map.go,compatible,goforge.dev/gplodash
it,func,Window,seq.go,compatible,goforge.dev/gplodash
it,func,Without,intersect.go,compatible,goforge.dev/gplodash
it,func,WithoutBy,intersect.go,compatible,goforge.dev/gplodash
it,func,WithoutNth,intersect.go,compatible,goforge.dev/gplodash
it,func,Zip2,tuples.go,compatible,goforge.dev/gplodash
it,func,Zip3,tuples.go,compatible,goforge.dev/gplodash
it,func,Zip4,tuples.go,compatible,goforge.dev/gplodash
it,func,Zip5,tuples.go,compatible,goforge.dev/gplodash
it,func,Zip6,tuples.go,compatible,goforge.dev/gplodash
it,func,Zip7,tuples.go,compatible,goforge.dev/gplodash
it,func,Zip8,tuples.go,compatible,goforge.dev/gplodash
it,func,Zip9,tuples.go,compatible,goforge.dev/gplodash
it,func,ZipBy2,tuples.go,compatible,goforge.dev/gplodash
it,func,ZipBy3,tuples.go,compatible,goforge.dev/gplodash
it,func,ZipBy4,tuples.go,compatible,goforge.dev/gplodash
it,func,ZipBy5,tuples.go,compatible,goforge.dev/gplodash
it,func,ZipBy6,tuples.go,compatible,goforge.dev/gplodash
it,func,ZipBy7,tuples.go,compatible,goforge.dev/gplodash
it,func,ZipBy8,tuples.go,compatible,goforge.dev/gplodash
it,func,ZipBy9,tuples.go,compatible,goforge.dev/gplodash
mutable,func,Filter,slice.go,compatible,goforge.dev/gplodash
mutable,func,FilterI,slice.go,compatible,goforge.dev/gplodash
mutable,func,Map,slice.go,compatible,goforge.dev/gplodash
mutable,func,MapI,slice.go,compatible,goforge.dev/gplodash
mutable,func,Reverse,slice.go,compatible,goforge.dev/gplodash
mutable,func,Shuffle,slice.go,compatible,goforge.dev/gplodash
parallel,func,ForEach,slice.go,compatible,goforge.dev/gplodash
parallel,func,GroupBy,slice.go,compatible,goforge.dev/gplodash
parallel,func,Map,slice.go,compatible,goforge.dev/gplodash
parallel,func,PartitionBy,slice.go,compatible,goforge.dev/gplodash
parallel,func,Times,slice.go,compatible,goforge.dev/gplodash
root,var,AllCharset,string.go,compatible,goforge.dev/gplodash
root,var,AlphanumericCharset,string.go,compatible,goforge.dev/gplodash
root,var,Assert,errors.go,compatible,goforge.dev/gplodash
root,var,Assertf,errors.go,compatible,goforge.dev/gplodash
root,func,Assign,map.go,compatible,goforge.dev/gplodash
root,func,Associate,slice.go,compatible,goforge.dev/gplodash
root,func,AssociateI,slice.go,compatible,goforge.dev/gplodash
root,func,Async,concurrency.go,compatible,goforge.dev/gplodash
root,func,Async0,concurrency.go,compatible,goforge.dev/gplodash
root,func,Async1,concurrency.go,compatible,goforge.dev/gplodash
root,func,Async2,concurrency.go,compatible,goforge.dev/gplodash
root,func,Async3,concurrency.go,compatible,goforge.dev/gplodash
root,func,Async4,concurrency.go,compatible,goforge.dev/gplodash
root,func,Async5,concurrency.go,compatible,goforge.dev/gplodash
root,func,Async6,concurrency.go,compatible,goforge.dev/gplodash
root,func,Attempt,retry.go,compatible,goforge.dev/gplodash
root,func,AttemptWhile,retry.go,compatible,goforge.dev/gplodash
root,func,AttemptWhileWithDelay,retry.go,compatible,goforge.dev/gplodash
root,func,AttemptWithDelay,retry.go,compatible,goforge.dev/gplodash
root,func,Buffer,channel.go,compatible,goforge.dev/gplodash
root,func,BufferWithContext,channel.go,compatible,goforge.dev/gplodash
root,func,BufferWithTimeout,channel.go,compatible,goforge.dev/gplodash
root,func,CamelCase,string.go,compatible,goforge.dev/gplodash
root,func,Capitalize,string.go,compatible,goforge.dev/gplodash
root,func,ChannelDispatcher,channel.go,compatible,goforge.dev/gplodash
root,func,ChannelToSlice,channel.go,compatible,goforge.dev/gplodash
root,func,Chunk,slice.go,compatible,goforge.dev/gplodash
root,func,ChunkEntries,map.go,compatible,goforge.dev/gplodash
root,func,ChunkString,string.go,compatible,goforge.dev/gplodash
root,func,Clamp,math.go,compatible,goforge.dev/gplodash
root,type,Clonable,constraints.go,compatible,goforge.dev/gplodash
root,func,Clone,slice.go,compatible,goforge.dev/gplodash
root,func,Coalesce,type_manipulation.go,compatible,goforge.dev/gplodash
root,func,CoalesceMap,type_manipulation.go,compatible,goforge.dev/gplodash
root,func,CoalesceMapOrEmpty,type_manipulation.go,compatible,goforge.dev/gplodash
root,func,CoalesceOrEmpty,type_manipulation.go,compatible,goforge.dev/gplodash
root,func,CoalesceSlice,type_manipulation.go,compatible,goforge.dev/gplodash
root,func,CoalesceSliceOrEmpty,type_manipulation.go,compatible,goforge.dev/gplodash
root,func,Compact,slice.go,compatible,goforge.dev/gplodash
root,func,Concat,slice.go,compatible,goforge.dev/gplodash
root,func,Contains,intersect.go,compatible,goforge.dev/gplodash
root,func,ContainsBy,intersect.go,compatible,goforge.dev/gplodash
root,func,Count,slice.go,compatible,goforge.dev/gplodash
root,func,CountBy,slice.go,compatible,goforge.dev/gplodash
root,func,CountByErr,slice.go,compatible,goforge.dev/gplodash
root,func,CountValues,slice.go,compatible,goforge.dev/gplodash
root,func,CountValuesBy,slice.go,compatible,goforge.dev/gplodash
root,func,CrossJoin2,tuples.go,compatible,goforge.dev/gplodash
root,func,CrossJoin3,tuples.go,compatible,goforge.dev/gplodash
root,func,CrossJoin4,tuples.go,compatible,goforge.dev/gplodash
root,func,CrossJoin5,tuples.go,compatible,goforge.dev/gplodash
root,func,CrossJoin6,tuples.go,compatible,goforge.dev/gplodash
root,func,CrossJoin7,tuples.go,compatible,goforge.dev/gplodash
root,func,CrossJoin8,tuples.go,compatible,goforge.dev/gplodash
root,func,CrossJoin9,tuples.go,compatible,goforge.dev/gplodash
root,func,CrossJoinBy2,tuples.go,compatible,goforge.dev/gplodash
root,func,CrossJoinBy3,tuples.go,compatible,goforge.dev/gplodash
root,func,CrossJoinBy4,tuples.go,compatible,goforge.dev/gplodash
root,func,CrossJoinBy5,tuples.go,compatible,goforge.dev/gplodash
root,func,CrossJoinBy6,tuples.go,compatible,goforge.dev/gplodash
root,func,CrossJoinBy7,tuples.go,compatible,goforge.dev/gplodash
root,func,CrossJoinBy8,tuples.go,compatible,goforge.dev/gplodash
root,func,CrossJoinBy9,tuples.go,compatible,goforge.dev/gplodash
root,func,CrossJoinByErr2,tuples.go,compatible,goforge.dev/gplodash
root,func,CrossJoinByErr3,tuples.go,compatible,goforge.dev/gplodash
root,func,CrossJoinByErr4,tuples.go,compatible,goforge.dev/gplodash
root,func,CrossJoinByErr5,tuples.go,compatible,goforge.dev/gplodash
root,func,CrossJoinByErr6,tuples.go,compatible,goforge.dev/gplodash
root,func,CrossJoinByErr7,tuples.go,compatible,goforge.dev/gplodash
root,func,CrossJoinByErr8,tuples.go,compatible,goforge.dev/gplodash
root,func,CrossJoinByErr9,tuples.go,compatible,goforge.dev/gplodash
root,func,Cut,slice.go,compatible,goforge.dev/gplodash
root,func,CutPrefix,slice.go,compatible,goforge.dev/gplodash
root,func,CutSuffix,slice.go,compatible,goforge.dev/gplodash
root,func,Difference,intersect.go,compatible,goforge.dev/gplodash
root,type,DispatchingStrategy,channel.go,compatible,goforge.dev/gplodash
root,func,DispatchingStrategyFirst,channel.go,compatible,goforge.dev/gplodash
root,func,DispatchingStrategyLeast,channel.go,compatible,goforge.dev/gplodash
root,func,DispatchingStrategyMost,channel.go,compatible,goforge.dev/gplodash
root,func,DispatchingStrategyRandom,channel.go,compatible,goforge.dev/gplodash
root,func,DispatchingStrategyRoundRobin,channel.go,compatible,goforge.dev/gplodash
root,func,DispatchingStrategyWeightedRandom,channel.go,compatible,goforge.dev/gplodash
root,func,Drop,slice.go,compatible,goforge.dev/gplodash
root,func,DropByIndex,slice.go,compatible,goforge.dev/gplodash
root,func,DropRight,slice.go,compatible,goforge.dev/gplodash
root,func,DropRightWhile,slice.go,compatible,goforge.dev/gplodash
root,func,DropWhile,slice.go,compatible,goforge.dev/gplodash
root,func,Duration,time.go,compatible,goforge.dev/gplodash
root,func,Duration0,time.go,compatible,goforge.dev/gplodash
root,func,Duration1,time.go,compatible,goforge.dev/gplodash
root,func,Duration10,time.go,compatible,goforge.dev/gplodash
root,func,Duration2,time.go,compatible,goforge.dev/gplodash
root,func,Duration3,time.go,compatible,goforge.dev/gplodash
root,func,Duration4,time.go,compatible,goforge.dev/gplodash
root,func,Duration5,time.go,compatible,goforge.dev/gplodash
root,func,Duration6,time.go,compatible,goforge.dev/gplodash
root,func,Duration7,time.go,compatible,goforge.dev/gplodash
root,func,Duration8,time.go,compatible,goforge.dev/gplodash
root,func,Duration9,time.go,compatible,goforge.dev/gplodash
root,func,Earliest,find.go,compatible,goforge.dev/gplodash
root,func,EarliestBy,find.go,compatible,goforge.dev/gplodash
root,func,EarliestByErr,find.go,compatible,goforge.dev/gplodash
root,func,ElementsMatch,intersect.go,compatible,goforge.dev/gplodash
root,func,ElementsMatchBy,intersect.go,compatible,goforge.dev/gplodash
root,func,Ellipsis,string.go,compatible,goforge.dev/gplodash
root,func,Empty,type_manipulation.go,compatible,goforge.dev/gplodash
root,func,EmptyableToPtr,type_manipulation.go,compatible,goforge.dev/gplodash
root,func,Entries,map.go,compatible,goforge.dev/gplodash
root,type,Entry,types.go,compatible,goforge.dev/gplodash
root,func,ErrorsAs,errors.go,compatible,goforge.dev/gplodash
root,func,Every,intersect.go,compatible,goforge.dev/gplodash
root,func,EveryBy,intersect.go,compatible,goforge.dev/gplodash
root,func,FanIn,channel.go,compatible,goforge.dev/gplodash
root,func,FanOut,channel.go,compatible,goforge.dev/gplodash
root,func,Fill,slice.go,compatible,goforge.dev/gplodash
root,func,Filter,slice.go,compatible,goforge.dev/gplodash
root,func,FilterErr,slice.go,compatible,goforge.dev/gplodash
root,func,FilterKeys,map.go,compatible,goforge.dev/gplodash
root,func,FilterKeysErr,map.go,compatible,goforge.dev/gplodash
root,func,FilterMap,slice.go,compatible,goforge.dev/gplodash
root,func,FilterMapToSlice,map.go,compatible,goforge.dev/gplodash
root,func,FilterMapToSliceErr,map.go,compatible,goforge.dev/gplodash
root,func,FilterReject,slice.go,compatible,goforge.dev/gplodash
root,func,FilterSliceToMap,slice.go,compatible,goforge.dev/gplodash
root,func,FilterSliceToMapI,slice.go,compatible,goforge.dev/gplodash
root,func,FilterValues,map.go,compatible,goforge.dev/gplodash
root,func,FilterValuesErr,map.go,compatible,goforge.dev/gplodash
root,func,Find,find.go,compatible,goforge.dev/gplodash
root,func,FindDuplicates,find.go,compatible,goforge.dev/gplodash
root,func,FindDuplicatesBy,find.go,compatible,goforge.dev/gplodash
root,func,FindDuplicatesByErr,find.go,compatible,goforge.dev/gplodash
root,func,FindErr,find.go,compatible,goforge.dev/gplodash
root,func,FindIndexOf,find.go,compatible,goforge.dev/gplodash
root,func,FindKey,find.go,compatible,goforge.dev/gplodash
root,func,FindKeyBy,find.go,compatible,goforge.dev/gplodash
root,func,FindLastIndexOf,find.go,compatible,goforge.dev/gplodash
root,func,FindOrElse,find.go,compatible,goforge.dev/gplodash
root,func,FindUniques,find.go,compatible,goforge.dev/gplodash
root,func,FindUniquesBy,find.go,compatible,goforge.dev/gplodash
root,func,First,find.go,compatible,goforge.dev/gplodash
root,func,FirstOr,find.go,compatible,goforge.dev/gplodash
root,func,FirstOrEmpty,find.go,compatible,goforge.dev/gplodash
root,func,FlatMap,slice.go,compatible,goforge.dev/gplodash
root,func,FlatMapErr,slice.go,compatible,goforge.dev/gplodash
root,func,Flatten,slice.go,compatible,goforge.dev/gplodash
root,func,ForEach,slice.go,compatible,goforge.dev/gplodash
root,func,ForEachWhile,slice.go,compatible,goforge.dev/gplodash
root,func,FromAnySlice,type_manipulation.go,compatible,goforge.dev/gplodash
root,func,FromEntries,map.go,compatible,goforge.dev/gplodash
root,func,FromPairs,map.go,compatible,goforge.dev/gplodash
root,func,FromPtr,type_manipulation.go,compatible,goforge.dev/gplodash
root,func,FromPtrOr,type_manipulation.go,compatible,goforge.dev/gplodash
root,func,FromSlicePtr,type_manipulation.go,compatible,goforge.dev/gplodash
root,func,FromSlicePtrOr,type_manipulation.go,compatible,goforge.dev/gplodash
root,func,Generator,channel.go,compatible,goforge.dev/gplodash
root,func,GroupBy,slice.go,compatible,goforge.dev/gplodash
root,func,GroupByErr,slice.go,compatible,goforge.dev/gplodash
root,func,GroupByMap,slice.go,compatible,goforge.dev/gplodash
root,func,GroupByMapErr,slice.go,compatible,goforge.dev/gplodash
root,func,HasKey,map.go,compatible,goforge.dev/gplodash
root,func,HasPrefix,find.go,compatible,goforge.dev/gplodash
root,func,HasSuffix,find.go,compatible,goforge.dev/gplodash
root,func,If,condition.go,compatible,goforge.dev/gplodash
root,func,IfF,condition.go,compatible,goforge.dev/gplodash
root,func,IndexOf,find.go,compatible,goforge.dev/gplodash
root,func,Interleave,slice.go,compatible,goforge.dev/gplodash
root,func,Intersect,intersect.go,compatible,goforge.dev/gplodash
root,func,IntersectBy,intersect.go,compatible,goforge.dev/gplodash
root,func,Invert,map.go,compatible,goforge.dev/gplodash
root,func,IsEmpty,type_manipulation.go,compatible,goforge.dev/gplodash
root,func,IsNil,type_manipulation.go,compatible,goforge.dev/gplodash
root,func,IsNotEmpty,type_manipulation.go,compatible,goforge.dev/gplodash
root,func,IsNotNil,type_manipulation.go,compatible,goforge.dev/gplodash
root,func,IsSorted,slice.go,compatible,goforge.dev/gplodash
root,func,IsSortedBy,slice.go,compatible,goforge.dev/gplodash
root,func,IsSortedByKey,slice.go,compatible,goforge.dev/gplodash
root,func,KebabCase,string.go,compatible,goforge.dev/gplodash
root,func,KeyBy,slice.go,compatible,goforge.dev/gplodash
root,func,KeyByErr,slice.go,compatible,goforge.dev/gplodash
root,func,Keyify,slice.go,compatible,goforge.dev/gplodash
root,func,Keys,map.go,compatible,goforge.dev/gplodash
root,func,Last,find.go,compatible,goforge.dev/gplodash
root,func,LastIndexOf,find.go,compatible,goforge.dev/gplodash
root,func,LastOr,find.go,compatible,goforge.dev/gplodash
root,func,LastOrEmpty,find.go,compatible,goforge.dev/gplodash
root,func,Latest,find.go,compatible,goforge.dev/gplodash
root,func,LatestBy,find.go,compatible,goforge.dev/gplodash
root,func,LatestByErr,find.go,compatible,goforge.dev/gplodash
root,var,LettersCharset,string.go,compatible,goforge.dev/gplodash
root,var,LowerCaseLettersCharset,string.go,compatible,goforge.dev/gplodash
root,func,Map,slice.go,compatible,goforge.dev/gplodash
root,func,MapEntries,map.go,compatible,goforge.dev/gplodash
root,func,MapEntriesErr,map.go,compatible,goforge.dev/gplodash
root,func,MapErr,slice.go,compatible,goforge.dev/gplodash
root,func,MapKeys,map.go,compatible,goforge.dev/gplodash
root,func,MapKeysErr,map.go,compatible,goforge.dev/gplodash
root,func,MapToSlice,map.go,compatible,goforge.dev/gplodash
root,func,MapToSliceErr,map.go,compatible,goforge.dev/gplodash
root,func,MapValues,map.go,compatible,goforge.dev/gplodash
root,func,MapValuesErr,map.go,compatible,goforge.dev/gplodash
root,func,Max,find.go,compatible,goforge.dev/gplodash
root,func,MaxBy,find.go,compatible,goforge.dev/gplodash
root,func,MaxByErr,find.go,compatible,goforge.dev/gplodash
root,func,MaxIndex,find.go,compatible,goforge.dev/gplodash
root,func,MaxIndexBy,find.go,compatible,goforge.dev/gplodash
root,func,MaxIndexByErr,find.go,compatible,goforge.dev/gplodash
root,func,Mean,math.go,compatible,goforge.dev/gplodash
root,func,MeanBy,math.go,compatible,goforge.dev/gplodash
root,func,MeanByErr,math.go,compatible,goforge.dev/gplodash
root,func,Min,find.go,compatible,goforge.dev/gplodash
root,func,MinBy,find.go,compatible,goforge.dev/gplodash
root,func,MinByErr,find.go,compatible,goforge.dev/gplodash
root,func,MinIndex,find.go,compatible,goforge.dev/gplodash
root,func,MinIndexBy,find.go,compatible,goforge.dev/gplodash
root,func,MinIndexByErr,find.go,compatible,goforge.dev/gplodash
root,func,Mode,math.go,compatible,goforge.dev/gplodash
root,func,Must,errors.go,compatible,goforge.dev/gplodash
root,func,Must0,errors.go,compatible,goforge.dev/gplodash
root,func,Must1,errors.go,compatible,goforge.dev/gplodash
root,func,Must2,errors.go,compatible,goforge.dev/gplodash
root,func,Must3,errors.go,compatible,goforge.dev/gplodash
root,func,Must4,errors.go,compatible,goforge.dev/gplodash
root,func,Must5,errors.go,compatible,goforge.dev/gplodash
root,func,Must6,errors.go,compatible,goforge.dev/gplodash
root,var,MustChecker,errors.go,compatible,goforge.dev/gplodash
root,func,NewDebounce,retry.go,compatible,goforge.dev/gplodash
root,func,NewDebounceBy,retry.go,compatible,goforge.dev/gplodash
root,func,NewThrottle,retry.go,compatible,goforge.dev/gplodash
root,func,NewThrottleBy,retry.go,compatible,goforge.dev/gplodash
root,func,NewThrottleByWithCount,retry.go,compatible,goforge.dev/gplodash
root,func,NewThrottleWithCount,retry.go,compatible,goforge.dev/gplodash
root,func,NewTransaction,retry.go,compatible,goforge.dev/gplodash
root,func,Nil,type_manipulation.go,compatible,goforge.dev/gplodash
root,func,None,intersect.go,compatible,goforge.dev/gplodash
root,func,NoneBy,intersect.go,compatible,goforge.dev/gplodash
root,func,Nth,find.go,compatible,goforge.dev/gplodash
root,func,NthOr,find.go,compatible,goforge.dev/gplodash
root,func,NthOrEmpty,find.go,compatible,goforge.dev/gplodash
root,var,NumbersCharset,string.go,compatible,goforge.dev/gplodash
root,func,OmitBy,map.go,compatible,goforge.dev/gplodash
root,func,OmitByErr,map.go,compatible,goforge.dev/gplodash
root,func,OmitByKeys,map.go,compatible,goforge.dev/gplodash
root,func,OmitByValues,map.go,compatible,goforge.dev/gplodash
root,func,Partial,func.go,compatible,goforge.dev/gplodash
root,func,Partial1,func.go,compatible,goforge.dev/gplodash
root,func,Partial2,func.go,compatible,goforge.dev/gplodash
root,func,Partial3,func.go,compatible,goforge.dev/gplodash
root,func,Partial4,func.go,compatible,goforge.dev/gplodash
root,func,Partial5,func.go,compatible,goforge.dev/gplodash
root,func,PartitionBy,slice.go,compatible,goforge.dev/gplodash
root,func,PartitionByErr,slice.go,compatible,goforge.dev/gplodash
root,func,PascalCase,string.go,compatible,goforge.dev/gplodash
root,func,PickBy,map.go,compatible,goforge.dev/gplodash
root,func,PickByErr,map.go,compatible,goforge.dev/gplodash
root,func,PickByKeys,map.go,compatible,goforge.dev/gplodash
root,func,PickByValues,map.go,compatible,goforge.dev/gplodash
root,func,Product,math.go,compatible,goforge.dev/gplodash
root,func,ProductBy,math.go,compatible,goforge.dev/gplodash
root,func,ProductByErr,math.go,compatible,goforge.dev/gplodash
root,func,RandomString,string.go,compatible,goforge.dev/gplodash
root,func,Range,math.go,compatible,goforge.dev/gplodash
root,func,RangeFrom,math.go,compatible,goforge.dev/gplodash
root,func,RangeWithSteps,math.go,compatible,goforge.dev/gplodash
root,func,Reduce,slice.go,compatible,goforge.dev/gplodash
root,func,ReduceErr,slice.go,compatible,goforge.dev/gplodash
root,func,ReduceRight,slice.go,compatible,goforge.dev/gplodash
root,func,ReduceRightErr,slice.go,compatible,goforge.dev/gplodash
root,func,Reject,slice.go,compatible,goforge.dev/gplodash
root,func,RejectErr,slice.go,compatible,goforge.dev/gplodash
root,func,RejectMap,slice.go,compatible,goforge.dev/gplodash
root,func,Repeat,slice.go,compatible,goforge.dev/gplodash
root,func,RepeatBy,slice.go,compatible,goforge.dev/gplodash
root,func,RepeatByErr,slice.go,compatible,goforge.dev/gplodash
root,func,Replace,slice.go,compatible,goforge.dev/gplodash
root,func,ReplaceAll,slice.go,compatible,goforge.dev/gplodash
root,func,Reverse,slice.go,compatible,goforge.dev/gplodash
root,func,RuneLength,string.go,compatible,goforge.dev/gplodash
root,func,Sample,find.go,compatible,goforge.dev/gplodash
root,func,SampleBy,find.go,compatible,goforge.dev/gplodash
root,func,Samples,find.go,compatible,goforge.dev/gplodash
root,func,SamplesBy,find.go,compatible,goforge.dev/gplodash
root,func,Shuffle,slice.go,compatible,goforge.dev/gplodash
root,func,Slice,slice.go,compatible,goforge.dev/gplodash
root,func,SliceToChannel,channel.go,compatible,goforge.dev/gplodash
root,func,SliceToMap,slice.go,compatible,goforge.dev/gplodash
root,func,SliceToMapI,slice.go,compatible,goforge.dev/gplodash
root,func,Sliding,slice.go,compatible,goforge.dev/gplodash
root,func,SnakeCase,string.go,compatible,goforge.dev/gplodash
root,func,Some,intersect.go,compatible,goforge.dev/gplodash
root,func,SomeBy,intersect.go,compatible,goforge.dev/gplodash
root,var,SpecialCharset,string.go,compatible,goforge.dev/gplodash
root,func,Splice,slice.go,compatible,goforge.dev/gplodash
root,func,Subset,slice.go,compatible,goforge.dev/gplodash
root,func,Substring,string.go,compatible,goforge.dev/gplodash
root,func,Sum,math.go,compatible,goforge.dev/gplodash
root,func,SumBy,math.go,compatible,goforge.dev/gplodash
root,func,SumByErr,math.go,compatible,goforge.dev/gplodash
root,func,Switch,condition.go,compatible,goforge.dev/gplodash
root,func,Synchronize,concurrency.go,compatible,goforge.dev/gplodash
root,func,T2,tuples.go,compatible,goforge.dev/gplodash
root,func,T3,tuples.go,compatible,goforge.dev/gplodash
root,func,T4,tuples.go,compatible,goforge.dev/gplodash
root,func,T5,tuples.go,compatible,goforge.dev/gplodash
root,func,T6,tuples.go,compatible,goforge.dev/gplodash
root,func,T7,tuples.go,compatible,goforge.dev/gplodash
root,func,T8,tuples.go,compatible,goforge.dev/gplodash
root,func,T9,tuples.go,compatible,goforge.dev/gplodash
root,func,Take,slice.go,compatible,goforge.dev/gplodash
root,func,TakeFilter,slice.go,compatible,goforge.dev/gplodash
root,func,TakeWhile,slice.go,compatible,goforge.dev/gplodash
root,func,Ternary,condition.go,compatible,goforge.dev/gplodash
root,func,TernaryF,condition.go,compatible,goforge.dev/gplodash
root,func,Times,slice.go,compatible,goforge.dev/gplodash
root,func,ToAnySlice,type_manipulation.go,compatible,goforge.dev/gplodash
root,func,ToPairs,map.go,compatible,goforge.dev/gplodash
root,func,ToPtr,type_manipulation.go,compatible,goforge.dev/gplodash
root,func,ToSlicePtr,type_manipulation.go,compatible,goforge.dev/gplodash
root,type,Transaction,retry.go,compatible,goforge.dev/gplodash
root,method,Transaction.Process,retry.go,compatible,goforge.dev/gplodash
root,method,Transaction.Then,retry.go,compatible,goforge.dev/gplodash
root,func,Trim,slice.go,compatible,goforge.dev/gplodash
root,func,TrimLeft,slice.go,compatible,goforge.dev/gplodash
root,func,TrimPrefix,slice.go,compatible,goforge.dev/gplodash
root,func,TrimRight,slice.go,compatible,goforge.dev/gplodash
root,func,TrimSuffix,slice.go,compatible,goforge.dev/gplodash
root,func,Try,errors.go,compatible,goforge.dev/gplodash
root,func,Try0,errors.go,compatible,goforge.dev/gplodash
root,func,Try1,errors.go,compatible,goforge.dev/gplodash
root,func,Try2,errors.go,compatible,goforge.dev/gplodash
root,func,Try3,errors.go,compatible,goforge.dev/gplodash
root,func,Try4,errors.go,compatible,goforge.dev/gplodash
root,func,Try5,errors.go,compatible,goforge.dev/gplodash
root,func,Try6,errors.go,compatible,goforge.dev/gplodash
root,func,TryCatch,errors.go,compatible,goforge.dev/gplodash
root,func,TryCatchWithErrorValue,errors.go,compatible,goforge.dev/gplodash
root,func,TryOr,errors.go,compatible,goforge.dev/gplodash
root,func,TryOr1,errors.go,compatible,goforge.dev/gplodash
root,func,TryOr2,errors.go,compatible,goforge.dev/gplodash
root,func,TryOr3,errors.go,compatible,goforge.dev/gplodash
root,func,TryOr4,errors.go,compatible,goforge.dev/gplodash
root,func,TryOr5,errors.go,compatible,goforge.dev/gplodash
root,func,TryOr6,errors.go,compatible,goforge.dev/gplodash
root,func,TryWithErrorValue,errors.go,compatible,goforge.dev/gplodash
root,type,Tuple2,types.go,compatible,goforge.dev/gplodash
root,method,Tuple2.Unpack,types.go,compatible,goforge.dev/gplodash
root,type,Tuple3,types.go,compatible,goforge.dev/gplodash
root,method,Tuple3.Unpack,types.go,compatible,goforge.dev/gplodash
root,type,Tuple4,types.go,compatible,goforge.dev/gplodash
root,method,Tuple4.Unpack,types.go,compatible,goforge.dev/gplodash
root,type,Tuple5,types.go,compatible,goforge.dev/gplodash
root,method,Tuple5.Unpack,types.go,compatible,goforge.dev/gplodash
root,type,Tuple6,types.go,compatible,goforge.dev/gplodash
root,method,Tuple6.Unpack,types.go,compatible,goforge.dev/gplodash
root,type,Tuple7,types.go,compatible,goforge.dev/gplodash
root,method,Tuple7.Unpack,types.go,compatible,goforge.dev/gplodash
root,type,Tuple8,types.go,compatible,goforge.dev/gplodash
root,method,Tuple8.Unpack,types.go,compatible,goforge.dev/gplodash
root,type,Tuple9,types.go,compatible,goforge.dev/gplodash
root,method,Tuple9.Unpack,types.go,compatible,goforge.dev/gplodash
root,func,Union,intersect.go,compatible,goforge.dev/gplodash
root,func,Uniq,slice.go,compatible,goforge.dev/gplodash
root,func,UniqBy,slice.go,compatible,goforge.dev/gplodash
root,func,UniqByErr,slice.go,compatible,goforge.dev/gplodash
root,func,UniqKeys,map.go,compatible,goforge.dev/gplodash
root,func,UniqMap,slice.go,compatible,goforge.dev/gplodash
root,func,UniqValues,map.go,compatible,goforge.dev/gplodash
root,func,Unpack2,tuples.go,compatible,goforge.dev/gplodash
root,func,Unpack3,tuples.go,compatible,goforge.dev/gplodash
root,func,Unpack4,tuples.go,compatible,goforge.dev/gplodash
root,func,Unpack5,tuples.go,compatible,goforge.dev/gplodash
root,func,Unpack6,tuples.go,compatible,goforge.dev/gplodash
root,func,Unpack7,tuples.go,compatible,goforge.dev/gplodash
root,func,Unpack8,tuples.go,compatible,goforge.dev/gplodash
root,func,Unpack9,tuples.go,compatible,goforge.dev/gplodash
root,func,Unzip2,tuples.go,compatible,goforge.dev/gplodash
root,func,Unzip3,tuples.go,compatible,goforge.dev/gplodash
root,func,Unzip4,tuples.go,compatible,goforge.dev/gplodash
root,func,Unzip5,tuples.go,compatible,goforge.dev/gplodash
root,func,Unzip6,tuples.go,compatible,goforge.dev/gplodash
root,func,Unzip7,tuples.go,compatible,goforge.dev/gplodash
root,func,Unzip8,tuples.go,compatible,goforge.dev/gplodash
root,func,Unzip9,tuples.go,compatible,goforge.dev/gplodash
root,func,UnzipBy2,tuples.go,compatible,goforge.dev/gplodash
root,func,UnzipBy3,tuples.go,compatible,goforge.dev/gplodash
root,func,UnzipBy4,tuples.go,compatible,goforge.dev/gplodash
root,func,UnzipBy5,tuples.go,compatible,goforge.dev/gplodash
root,func,UnzipBy6,tuples.go,compatible,goforge.dev/gplodash
root,func,UnzipBy7,tuples.go,compatible,goforge.dev/gplodash
root,func,UnzipBy8,tuples.go,compatible,goforge.dev/gplodash
root,func,UnzipBy9,tuples.go,compatible,goforge.dev/gplodash
root,func,UnzipByErr2,tuples.go,compatible,goforge.dev/gplodash
root,func,UnzipByErr3,tuples.go,compatible,goforge.dev/gplodash
root,func,UnzipByErr4,tuples.go,compatible,goforge.dev/gplodash
root,func,UnzipByErr5,tuples.go,compatible,goforge.dev/gplodash
root,func,UnzipByErr6,tuples.go,compatible,goforge.dev/gplodash
root,func,UnzipByErr7,tuples.go,compatible,goforge.dev/gplodash
root,func,UnzipByErr8,tuples.go,compatible,goforge.dev/gplodash
root,func,UnzipByErr9,tuples.go,compatible,goforge.dev/gplodash
root,var,UpperCaseLettersCharset,string.go,compatible,goforge.dev/gplodash
root,func,Validate,errors.go,compatible,goforge.dev/gplodash
root,func,ValueOr,map.go,compatible,goforge.dev/gplodash
root,func,Values,map.go,compatible,goforge.dev/gplodash
root,func,WaitFor,concurrency.go,compatible,goforge.dev/gplodash
root,func,WaitForWithContext,concurrency.go,compatible,goforge.dev/gplodash
root,func,Window,slice.go,compatible,goforge.dev/gplodash
root,func,Without,intersect.go,compatible,goforge.dev/gplodash
root,func,WithoutBy,intersect.go,compatible,goforge.dev/gplodash
root,func,WithoutByErr,intersect.go,compatible,goforge.dev/gplodash
root,func,WithoutEmpty,intersect.go,compatible,goforge.dev/gplodash
root,func,WithoutNth,intersect.go,compatible,goforge.dev/gplodash
root,func,Words,string.go,compatible,goforge.dev/gplodash
root,func,Zip2,tuples.go,compatible,goforge.dev/gplodash
root,func,Zip3,tuples.go,compatible,goforge.dev/gplodash
root,func,Zip4,tuples.go,compatible,goforge.dev/gplodash
root,func,Zip5,tuples.go,compatible,goforge.dev/gplodash
root,func,Zip6,tuples.go,compatible,goforge.dev/gplodash
root,func,Zip7,tuples.go,compatible,goforge.dev/gplodash
root,func,Zip8,tuples.go,compatible,goforge.dev/gplodash
root,func,Zip9,tuples.go,compatible,goforge.dev/gplodash
root,func,ZipBy2,tuples.go,compatible,goforge.dev/gplodash
root,func,ZipBy3,tuples.go,compatible,goforge.dev/gplodash
root,func,ZipBy4,tuples.go,compatible,goforge.dev/gplodash
root,func,ZipBy5,tuples.go,compatible,goforge.dev/gplodash
root,func,ZipBy6,tuples.go,compatible,goforge.dev/gplodash
root,func,ZipBy7,tuples.go,compatible,goforge.dev/gplodash
root,func,ZipBy8,tuples.go,compatible,goforge.dev/gplodash
root,func,ZipBy9,tuples.go,compatible,goforge.dev/gplodash
root,func,ZipByErr2,tuples.go,compatible,goforge.dev/gplodash
root,func,ZipByErr3,tuples.go,compatible,goforge.dev/gplodash
root,func,ZipByErr4,tuples.go,compatible,goforge.dev/gplodash
root,func,ZipByErr5,tuples.go,compatible,goforge.dev/gplodash
root,func,ZipByErr6,tuples.go,compatible,goforge.dev/gplodash
root,func,ZipByErr7,tuples.go,compatible,goforge.dev/gplodash
root,func,ZipByErr8,tuples.go,compatible,goforge.dev/gplodash
root,func,ZipByErr9,tuples.go,compatible,goforge.dev/gplodash
